-- Sample data for InsureCar application

-- Clear existing data
DELETE FROM CLAIM;
DELETE FROM VEHICLE;
DELETE FROM POLICY;
DELETE FROM CUSTOMER;

-- Insert sample customers
INSERT INTO CUSTOMER (ID, FIRSTNAME, LASTNAME, EMAIL, PHONENUMBER, DATEOFBIRTH, ADDRESS) 
VALUES (1, 'John', 'Smith', 'john.smith@example.com', '555-123-4567', '1985-03-15', '123 Main St, Anytown, USA');

INSERT INTO CUSTOMER (ID, FIRSTNAME, LASTNAME, EMAIL, PHONENUMBER, DATEOFBIRTH, ADDRESS) 
VALUES (2, 'Sarah', 'Johnson', 'sarah.j@example.com', '555-987-6543', '1990-07-22', '456 Oak Ave, Somewhere, USA');

INSERT INTO CUSTOMER (ID, FIRSTNAME, LASTNAME, EMAIL, PHONENUMBER, DATEOFBIRTH, ADDRESS) 
VALUES (3, 'Michael', 'Brown', 'michael.b@example.com', '555-456-7890', '1978-11-30', '789 Pine Rd, Elsewhere, USA');

-- Insert sample policies
INSERT INTO POLICY (ID, POLICYNUMBER, CUSTOMER_ID, STARTDATE, ENDDATE, STATUS, PREMIUM, COVERAGETYPE, DEDUCTIBLE) 
VALUES (1, 'POL-001-2025', 1, '2025-01-01', '2026-01-01', 'ACTIVE', 1200.00, 'COMPREHENSIVE', 500.00);

INSERT INTO POLICY (ID, POLICYNUMBER, CUSTOMER_ID, STARTDATE, ENDDATE, STATUS, PREMIUM, COVERAGETYPE, DEDUCTIBLE) 
VALUES (2, 'POL-002-2025', 2, '2025-02-15', '2026-02-15', 'ACTIVE', 950.00, 'THIRD_PARTY', 750.00);

INSERT INTO POLICY (ID, POLICYNUMBER, CUSTOMER_ID, STARTDATE, ENDDATE, STATUS, PREMIUM, COVERAGETYPE, DEDUCTIBLE) 
VALUES (3, 'POL-003-2025', 3, '2025-03-10', '2026-03-10', 'ACTIVE', 1500.00, 'COMPREHENSIVE', 300.00);

INSERT INTO POLICY (ID, POLICYNUMBER, CUSTOMER_ID, STARTDATE, ENDDATE, STATUS, PREMIUM, COVERAGETYPE, DEDUCTIBLE) 
VALUES (4, 'POL-004-2025', 1, '2025-04-01', '2026-04-01', 'ACTIVE', 850.00, 'BASIC', 1000.00);

-- Insert sample vehicles
INSERT INTO VEHICLE (ID, MAKE, MODEL, YEAR, COLOR, LICENSEPLATE, VIN, ENGINETYPE, MILEAGE, VALUE, POLICY_ID) 
VALUES (1, 'Toyota', 'Camry', 2022, 'Silver', 'ABC-1234', 'JT2BF22K1W0123456', 'Gasoline', 15000, 25000.00, 1);

INSERT INTO VEHICLE (ID, MAKE, MODEL, YEAR, COLOR, LICENSEPLATE, VIN, ENGINETYPE, MILEAGE, VALUE, POLICY_ID) 
VALUES (2, 'Honda', 'Civic', 2021, 'Blue', 'XYZ-7890', 'JHMEJ6674YS012345', 'Hybrid', 22000, 22000.00, 2);

INSERT INTO VEHICLE (ID, MAKE, MODEL, YEAR, COLOR, LICENSEPLATE, VIN, ENGINETYPE, MILEAGE, VALUE, POLICY_ID) 
VALUES (3, 'Ford', 'Explorer', 2023, 'Black', 'DEF-4567', '1FMEU74E67UA12345', 'Gasoline', 8000, 35000.00, 3);

INSERT INTO VEHICLE (ID, MAKE, MODEL, YEAR, COLOR, LICENSEPLATE, VIN, ENGINETYPE, MILEAGE, VALUE, POLICY_ID) 
VALUES (4, 'Chevrolet', 'Malibu', 2020, 'Red', 'GHI-8901', '1G1ZD5ST7JF123456', 'Gasoline', 30000, 18000.00, 4);

INSERT INTO VEHICLE (ID, MAKE, MODEL, YEAR, COLOR, LICENSEPLATE, VIN, ENGINETYPE, MILEAGE, VALUE, POLICY_ID) 
VALUES (5, 'Tesla', 'Model 3', 2023, 'White', 'JKL-2345', '5YJ3E1EA1PF123456', 'Electric', 5000, 45000.00, 1);

-- Insert sample claims
INSERT INTO CLAIM (ID, CLAIMNUMBER, POLICY_ID, DATEOFINCIDENT, DATEOFCLAIM, STATUS, AMOUNT, DESCRIPTION, LOCATION) 
VALUES (1, 'CLM-001-2025', 1, '2025-02-10', '2025-02-12', 'APPROVED', 3500.00, 'Rear-end collision damage to bumper and trunk', 'Intersection of Main St and 5th Ave');

INSERT INTO CLAIM (ID, CLAIMNUMBER, POLICY_ID, DATEOFINCIDENT, DATEOFCLAIM, STATUS, AMOUNT, DESCRIPTION, LOCATION) 
VALUES (2, 'CLM-002-2025', 3, '2025-03-15', '2025-03-16', 'UNDER_REVIEW', 2200.00, 'Hail damage to hood and roof', 'Highway 101, Mile Marker 25');

INSERT INTO CLAIM (ID, CLAIMNUMBER, POLICY_ID, DATEOFINCIDENT, DATEOFCLAIM, STATUS, AMOUNT, DESCRIPTION, LOCATION) 
VALUES (3, 'CLM-003-2025', 2, '2025-03-22', '2025-03-25', 'SUBMITTED', 1800.00, 'Side mirror and door damaged in parking lot', 'Shopping Mall Parking Lot, Space 45');

INSERT INTO CLAIM (ID, CLAIMNUMBER, POLICY_ID, DATEOFINCIDENT, DATEOFCLAIM, STATUS, AMOUNT, DESCRIPTION, LOCATION) 
VALUES (4, 'CLM-004-2025', 1, '2025-04-05', '2025-04-06', 'PAID', 5000.00, 'Front-end damage from collision with deer', 'Rural Route 7, near Forest Park');
